{"0_0": 0.061400823295116425, "0_1": 0.05051698908209801, "1_0": 0.02590804547071457, "1_1": 0.06185615807771683, "2_0": 0.06851884722709656, "2_1": 0.04956988990306854, "3_0": 0.02582099288702011, "3_1": 0.07570978254079819, "best": "3_1"}