{"0_0": 0.06668742001056671, "0_1": 0.0009728455916047096, "1_0": 0.15591728687286377, "1_1": 0.02390865981578827, "2_0": 0.0076056113466620445, "2_1": 0.057830359786748886, "3_0": 0.07754673063755035, "3_1": 0.08152645081281662, "best": "1_0"}