{"0_0": 0.09700879454612732, "0_1": 0.020336978137493134, "1_0": 0.09287149459123611, "1_1": 0.015410369262099266, "2_0": 0.10786896198987961, "2_1": 0.027983088046312332, "3_0": 0.059358201920986176, "3_1": 0.07159886509180069, "best": "2_0"}