{"0_0": 0.25719231367111206, "0_1": 0.30400440096855164, "1_0": 0.27754896879196167, "1_1": 0.3248099684715271, "2_0": 0.341722309589386, "2_1": 0.2000184804201126, "3_0": 0.1971653550863266, "3_1": 0.38066455721855164, "best": "3_1"}