{"0_0": 0.014038631692528725, "0_1": -0.04967043548822403, "1_0": -0.005541328340768814, "1_1": 0.10928133875131607, "2_0": 0.0605592355132103, "2_1": -0.030274562537670135, "3_0": 0.02502128668129444, "3_1": -0.018012262880802155, "best": "1_1"}