{"0_0": 0.0824291929602623, "0_1": -0.04398784786462784, "1_0": 0.06472098082304001, "1_1": 0.14387747645378113, "2_0": -0.022711142897605896, "2_1": -0.004194306209683418, "3_0": 0.027154365554451942, "3_1": -0.05269157141447067, "best": "1_1"}