{"0_0": -0.10678663849830627, "0_1": 0.011584109626710415, "1_0": 0.07497180998325348, "1_1": -0.04153245687484741, "2_0": -0.009016159921884537, "2_1": -0.0017278455197811127, "3_0": 0.14457766711711884, "3_1": -0.02717733383178711, "best": "3_0"}