{"0_0": -0.030683360993862152, "0_1": 0.015572314150631428, "1_0": 0.07332734018564224, "1_1": 0.00970501359552145, "2_0": -0.026596300303936005, "2_1": 0.04539087042212486, "3_0": 0.042856939136981964, "3_1": -0.05616027116775513, "best": "1_0"}