{"0_0": 0.08922611176967621, "0_1": 0.2406240850687027, "1_0": 0.08199886977672577, "1_1": 0.21674847602844238, "2_0": 0.2841930389404297, "2_1": 0.18337887525558472, "3_0": 0.20370684564113617, "3_1": 0.1610458940267563, "best": "2_0"}